,would order it
,would order another
,would order
,worth every penny
,wont regret
,won’t regret
1,without troubles
2,without trouble
3,without scratches
4,without scratch
5,without problems
6,without problem
7,without efforts
8,without effort
9,without any troubles
10,without any trouble
11,without any scratches
12,without any scratch
13,without any problems
14,without any problem
15,without any efforts
16,without any effort
17,without an effort
18,without a trouble
19,without a scratch
20,without a problem
21,windresistant
22,wind-resistant
23,wind resistant
24,will order 
25,will not regret
26,useful
27,understanding
28,two thumbs up
29,total packages
30,total package
31,thumbs up
32,thumb up
33,this works
34,this work
35,this one works
36,this one work
37,so small
38,shouldve invented it sooner
39,should’ve invented it sooner
40,should ve invented it sooner
41,satisfied
42,recommended
43,recommendation
44,recommend
45,real unveiling
46,real revelation
47,real reveal
48,real find
49,real disclosure
50,real breakthrough
51,real break
52,real bargain
53,planning to order 
54,plan to order
55,plan on ordering 
56,patient
57,on time
58,not one trouble
59,not one scratch
60,not one problem
61,not even troubles
62,not even scratches
63,not even problems
64,not even one trouble
65,not even one scratch
66,not even one problem
67,not even a trouble
68,not even a scratch
69,not even a problem
70,not a trouble
71,not a scratch
72,not a problem
73,no troubles
74,no trouble
75,no shifting
76,no scratches
77,no scratch
78,no problems
79,no problem
80,no peeling
81,no bubbling
82,must have
83,major unveiling 
84,major revelation
85,major reveal
86,major find
87,major discovery
88,major disclosure
89,major breakthrough
90,major break
91,major bargain
92,lots of compliments
93,lots of compliment
94,lot of compliments
95,lot of compliment
96,long range
97,long battery-life
98,long battery life
99,less expensive
100,job done
101,it works
102,is even better
103,is even able 
104,is a ten
105,is a 10 
106,helpful
107,have everything
108,have all the features
109,have all features
110,has everything
111,has all the features
112,has all features
113,good revelation
114,good reveal
115,good find
116,good discovery
117,good disclosure
118,good breakthrough
119,good break 
120,good bargain
121,gonna order
122,going to order
123,functional
124,four stars
125,four star
126,for the price
127,fixes
128,fix
129,five stars
130,five star
131,everything you need
132,everything that is needed
133,everything one needs
134,everything needed
135,everything I need
136,does work
137,does everything
138,do everything
139,couldnt have been better
140,couldnt have been any better
141,couldnt be more happier
142,couldnt be happier
143,couldnt be better
144,couldnt be any better
145,couldnt ask for more
146,couldn’t have been better
147,couldn’t be more happier
148,couldn’t be happier
149,couldn’t be better
150,couldn’t be any better
151,couldn’t ask for more
152,couldn t be more happier
153,couldn t be happier
154,couldn t be better
155,couldn t be any better
156,couldn t ask for more
157,compliments
158,compliment
159,clear skype calls
160,clear calls
161,cheaper
162,cant beat
163,can’t beat
164,can t beat
165,can even
166,big unveiling
167,big revelation
168,big reveal
169,big find 
170,big discovery
171,big disclosure
172,big breakthrough
173,big break
174,big bargain
175,be even better
176,battery charge-life is quite long
177,are even better
178,are even able
179,any troubles
180,any trouble
181,any scratches
182,any scratch
183,any problems
184,any problem
185,amazing unveiling
186,amazing revelation
187,amazing reveal
188,amazing discovery
189,amazing disclosure
190,amazing breakthrough
191,amazing break
192,amazing bargain
193,amazement
194,amazed
195,a winner
196,a ten
197,a revelation
198,a reveal
199,a marvel 
200,a find
201,a discovery
202,a disclosure
203,a breakthrough
204,a break
205,a bargain
206,a 10
207,5stars
208,5star
209,5-stars
210,5-star
211,5 stars
212,5 star
213,4stars
214,4star
215,4-stars
216,4-star
217,4 stars
218,4 star
219,2thumbs up
220,2thumb up
221,2-thumbs up
222,2-thumb up
